auc,ap,conf_mtx
0.8397950956786908,0.8523998631596922,"[[228 199]
 [ 41 386]]"
