auc,ap,conf_mtx
0.893626356750709,0.8942857480089872,"[[364  63]
 [101 326]]"
