auc,ap,conf_mtx
0.8887889474521333,0.8558571260564074,"[[327 100]
 [ 44 383]]"
