auc,ap,conf_mtx
0.8714686089431741,0.8702310899200052,"[[223 204]
 [ 16 411]]"
